{
    "loss": 0.5296227931976318,
    "accuracy": 0.843137264251709
}